{
  "chart": {
    "title": "Population",
    "subtitle": "Future projections are based on the [UN medium scenario](#dod:un-projection-scenarios).",
    "citation": "UN, World Population Prospects (2024)",
    "originalChartUrl": "https://ourworldindata.org/grapher/population-with-un-projections?v=1&csvType=full&useColumnShortNames=false",
    "selection": [
      "World"
    ]
  },
  "columns": {
    "Population - Sex: all - Age: all - Variant: estimates": {
      "titleShort": "Population, total",
      "titleLong": "Population, total - UN WPP",
      "descriptionShort": "De facto total population in a country, area or region as of 1 July of the year indicated.",
      "unit": "people",
      "timespan": "1950-2023",
      "type": "Integer",
      "owidVariableId": 951674,
      "shortName": "population__sex_all__age_all__variant_estimates",
      "lastUpdated": "2024-07-12",
      "citationShort": "UN, World Population Prospects (2024) – processed by Our World in Data",
      "citationLong": "UN, World Population Prospects (2024) – processed by Our World in Data. “Population, total – UN WPP” [dataset]. United Nations, “World Population Prospects” [original data].",
      "fullMetadata": "https://api.ourworldindata.org/v1/indicators/951674.metadata.json"
    },
    "Population - Sex: all - Age: all - Variant: medium": {
      "titleShort": "Population, medium projection",
      "titleLong": "Population, medium projection - UN WPP",
      "descriptionShort": "De facto total population in a country, area or region as of 1 July of the year indicated.  Projections from 2024 onwards are based on the UN's medium scenario.",
      "unit": "people",
      "timespan": "2024-2100",
      "type": "Integer",
      "owidVariableId": 951682,
      "shortName": "population__sex_all__age_all__variant_medium",
      "lastUpdated": "2024-07-12",
      "citationShort": "UN, World Population Prospects (2024) – processed by Our World in Data",
      "citationLong": "UN, World Population Prospects (2024) – processed by Our World in Data. “Population, medium projection – UN WPP” [dataset]. United Nations, “World Population Prospects” [original data].",
      "fullMetadata": "https://api.ourworldindata.org/v1/indicators/951682.metadata.json"
    }
  },
  "dateDownloaded": "2025-11-27",
  "activeFilters": {}
}