{
  "chart": {
    "title": "Foreign direct investment, net outflows as share of GDP",
    "subtitle": "Net outflows of [foreign direct investment](#dod:fdi) from the reporting economy to the rest of the world.",
    "citation": "International Monetary Fund (Balance of Payments), UNCTAD, and national sources, via World Bank (2025)",
    "originalChartUrl": "https://ourworldindata.org/grapher/foreign-direct-investment-net-outflows-as-share-of-gdp?v=1&csvType=full&useColumnShortNames=false",
    "selection": [
      "Egypt",
      "Brazil",
      "United States",
      "United Kingdom",
      "Germany",
      "South Africa",
      "South Korea"
    ]
  },
  "columns": {
    "Foreign direct investment, net outflows (% of GDP)": {
      "titleShort": "Foreign direct investment, net outflows (% of GDP)",
      "titleLong": "Foreign direct investment, net outflows (% of GDP)",
      "shortUnit": "%",
      "unit": "% of GDP",
      "timespan": "1970-2024",
      "type": "Numeric",
      "owidVariableId": 1106371,
      "shortName": "bm_klt_dinv_wd_gd_zs",
      "lastUpdated": "2025-09-08",
      "nextUpdate": "2026-09-08",
      "citationShort": "International Monetary Fund (Balance of Payments), UNCTAD, and national sources, via World Bank (2025) – processed by Our World in Data",
      "citationLong": "International Monetary Fund (Balance of Payments), UNCTAD, and national sources, via World Bank (2025) – processed by Our World in Data. “Foreign direct investment, net outflows (% of GDP)” [dataset]. International Monetary Fund (Balance of Payments), UNCTAD, and national sources, via World Bank, “World Development Indicators 122” [original data].",
      "fullMetadata": "https://api.ourworldindata.org/v1/indicators/1106371.metadata.json"
    }
  },
  "dateDownloaded": "2025-11-27",
  "activeFilters": {}
}