{
  "chart": {
    "title": "Trade as a share of GDP",
    "subtitle": "Sum of exports and imports of goods and services, divided by gross domestic product, expressed as a percentage. This is also known as the \"trade openness index\".",
    "citation": "National statistical organizations and central banks, OECD national accounts, and World Bank staff estimates (2025)",
    "originalChartUrl": "https://ourworldindata.org/grapher/trade-as-share-of-gdp?v=1&csvType=full&useColumnShortNames=false",
    "selection": [
      "World",
      "China",
      "India",
      "United States"
    ]
  },
  "columns": {
    "Trade (% of GDP)": {
      "titleShort": "Trade (% of GDP)",
      "titleLong": "Trade (% of GDP)",
      "descriptionShort": "Trade in goods and services as a share of GDP, shown as a percentage.",
      "descriptionKey": [
        "This indicator measures a country’s total trade (exports and imports) relative to the size of its economy.",
        "Exports of goods and services represent the value of all goods and other market services provided to the rest of the world. Imports represent the value of all goods and other market services received from the rest of the world. In both cases, they include the value of merchandise, freight, insurance, transport, travel, royalties, license fees, and other services, such as communication, construction, financial, information, business, personal, and government services."
      ],
      "shortUnit": "%",
      "unit": "% of GDP",
      "timespan": "1960-2024",
      "type": "Numeric",
      "owidVariableId": 1106966,
      "shortName": "ne_trd_gnfs_zs",
      "lastUpdated": "2025-09-08",
      "nextUpdate": "2026-09-08",
      "citationShort": "National statistical organizations and central banks, OECD national accounts, and World Bank staff estimates (2025) – processed by Our World in Data",
      "citationLong": "National statistical organizations and central banks, OECD national accounts, and World Bank staff estimates (2025) – processed by Our World in Data. “Trade (% of GDP)” [dataset]. National statistical organizations and central banks, OECD national accounts, and World Bank staff estimates, “World Development Indicators 122” [original data].",
      "fullMetadata": "https://api.ourworldindata.org/v1/indicators/1106966.metadata.json"
    }
  },
  "dateDownloaded": "2025-11-27",
  "activeFilters": {}
}