{
  "chart": {
    "title": "Foreign direct investment, net inflows as share of GDP",
    "subtitle": "Net inflows of [foreign direct investment](#dod:fdi)  from foreign investors to the reporting economy.",
    "citation": "IMF International Financial Statistics and Balance of Payments; World Bank International Debt Statistics and GDP estimates; and OECD GDP estimates (2025)",
    "originalChartUrl": "https://ourworldindata.org/grapher/foreign-direct-investment-net-inflows-as-share-of-gdp?v=1&csvType=full&useColumnShortNames=false",
    "selection": [
      "World",
      "South Asia",
      "Sub-Saharan Africa"
    ]
  },
  "columns": {
    "Foreign direct investment, net inflows (% of GDP)": {
      "titleShort": "Foreign direct investment, net inflows (% of GDP)",
      "titleLong": "Foreign direct investment, net inflows (% of GDP)",
      "shortUnit": "%",
      "unit": "% of GDP",
      "timespan": "1970-2024",
      "type": "Numeric",
      "owidVariableId": 1106400,
      "shortName": "bx_klt_dinv_wd_gd_zs",
      "lastUpdated": "2025-09-08",
      "nextUpdate": "2026-09-08",
      "citationShort": "IMF International Financial Statistics and Balance of Payments; World Bank International Debt Statistics and GDP estimates; and OECD GDP estimates (2025) – processed by Our World in Data",
      "citationLong": "IMF International Financial Statistics and Balance of Payments; World Bank International Debt Statistics and GDP estimates; and OECD GDP estimates (2025) – processed by Our World in Data. “Foreign direct investment, net inflows (% of GDP)” [dataset]. IMF International Financial Statistics and Balance of Payments; World Bank International Debt Statistics and GDP estimates; and OECD GDP estimates, “World Development Indicators 122” [original data].",
      "fullMetadata": "https://api.ourworldindata.org/v1/indicators/1106400.metadata.json"
    }
  },
  "dateDownloaded": "2025-11-27",
  "activeFilters": {}
}