{
  "chart": {
    "title": "Value of exported goods and services",
    "subtitle": "Exports of goods and services represent the value of all goods and other market services provided to the rest of the world. This is adjusted for inflation and shown in constant 2015 U.S. dollars.",
    "citation": "World Bank and OECD national accounts (2025)",
    "originalChartUrl": "https://ourworldindata.org/grapher/exports-of-goods-and-services-constant-2010-us?v=1&csvType=full&useColumnShortNames=false",
    "selection": [
      "South Korea",
      "United States",
      "Germany",
      "France",
      "Nigeria",
      "United Kingdom",
      "Brazil",
      "Argentina"
    ]
  },
  "columns": {
    "Exports of goods and services (constant 2015 US$)": {
      "titleShort": "Exports of goods and services (constant 2015 US$)",
      "titleLong": "Exports of goods and services (constant 2015 US$)",
      "shortUnit": "$",
      "unit": "constant 2015 US$",
      "timespan": "1960-2024",
      "type": "Integer",
      "owidVariableId": 1106935,
      "shortName": "ne_exp_gnfs_kd",
      "lastUpdated": "2025-09-08",
      "nextUpdate": "2026-09-08",
      "citationShort": "World Bank and OECD national accounts (2025) – processed by Our World in Data",
      "citationLong": "World Bank and OECD national accounts (2025) – processed by Our World in Data. “Exports of goods and services (constant 2015 US$)” [dataset]. World Bank and OECD national accounts, “World Development Indicators 122” [original data].",
      "fullMetadata": "https://api.ourworldindata.org/v1/indicators/1106935.metadata.json"
    }
  },
  "dateDownloaded": "2025-11-27",
  "activeFilters": {}
}