{
  "chart": {
    "title": "Imports of goods and services",
    "subtitle": "Imports of goods and services represent the value of all goods and other market services received from the rest of the world. This data is expressed in US dollars, adjusted for inflation.",
    "note": "This data is expressed in constant 2015 US$.",
    "citation": "World Bank and OECD national accounts (2025)",
    "originalChartUrl": "https://ourworldindata.org/grapher/imports-of-goods-and-services-constant-2010-us?v=1&csvType=full&useColumnShortNames=false",
    "selection": [
      "United States",
      "United Kingdom",
      "India",
      "Germany",
      "South Korea",
      "Nigeria"
    ]
  },
  "columns": {
    "Imports of goods and services (constant 2015 US$)": {
      "titleShort": "Imports of goods and services",
      "titleLong": "Imports of goods and services",
      "shortUnit": "$",
      "unit": "constant 2015 US$",
      "timespan": "1960-2024",
      "type": "Integer",
      "owidVariableId": 1106959,
      "shortName": "ne_imp_gnfs_kd",
      "lastUpdated": "2025-09-08",
      "nextUpdate": "2026-09-08",
      "citationShort": "World Bank and OECD national accounts (2025) – processed by Our World in Data",
      "citationLong": "World Bank and OECD national accounts (2025) – processed by Our World in Data. “Imports of goods and services” [dataset]. World Bank and OECD national accounts, “World Development Indicators 122” [original data].",
      "fullMetadata": "https://api.ourworldindata.org/v1/indicators/1106959.metadata.json"
    }
  },
  "dateDownloaded": "2025-11-27",
  "activeFilters": {}
}